,image
0,https://scontent-ort2-2.cdninstagram.com/vp/1857f4a7e5fe1f92c32c1f8bf6bf22d1/5E559000/t51.2885-19/s320x320/65647150_501259227290542_7699179647782617088_n.jpg?_nc_ht=scontent-ort2-2.cdninstagram.com
1,https://scontent-ort2-2.cdninstagram.com/vp/827c8f177ad16e782fd4a69caf510768/5DBE04C1/t51.12442-15/e35/c154.0.778.778a/s150x150/57175007_449458472469323_1529881402847607395_n.jpg?_nc_ht=scontent-ort2-2.cdninstagram.com&_nc_cat=111
2,https://scontent-ort2-2.cdninstagram.com/vp/e47881db6a2f700f2b15bcae7c98b3d0/5E4635E5/t51.2885-15/s150x150/44478689_2394049927490139_8616740616108928579_n.jpg?_nc_ht=scontent-ort2-2.cdninstagram.com
3,https://scontent-ort2-2.cdninstagram.com/vp/4bde41361d589028238f4301d285b788/5DBD9565/t51.12442-15/e15/c54.22.607.607a/s150x150/52051191_171956557121170_1464305820711451992_n.jpg?_nc_ht=scontent-ort2-2.cdninstagram.com&_nc_cat=110
4,https://scontent-ort2-2.cdninstagram.com/vp/021240519ec4c72c7b34aa0975af85e7/5DBD80C0/t51.12442-15/e35/c9.46.949.949a/s150x150/52833919_2483009931712262_1818790436785152197_n.jpg?_nc_ht=scontent-ort2-2.cdninstagram.com&_nc_cat=102
5,https://scontent-ort2-2.cdninstagram.com/vp/3b4c7108ac80ea8fefb590a8db781358/5DBD9C8E/t51.12442-15/e35/c74.93.949.949a/s150x150/50903778_981337495323386_6922530624058940935_n.jpg?_nc_ht=scontent-ort2-2.cdninstagram.com&_nc_cat=102
6,https://scontent-ort2-2.cdninstagram.com/vp/b8750869ef13d142825d3b21f0275d2f/5E637C62/t51.2885-15/s150x150/44921344_277241476258578_4933275454290256221_n.jpg?_nc_ht=scontent-ort2-2.cdninstagram.com
7,https://scontent-ort2-2.cdninstagram.com/vp/23be357aaf42150a77c4feff521c4b5c/5E4A7380/t51.2885-15/s150x150/51059406_317265382468506_2274706598947810169_n.jpg?_nc_ht=scontent-ort2-2.cdninstagram.com
8,https://scontent-ort2-2.cdninstagram.com/vp/e499c941684c52881a5f405c29435075/5E5EA070/t51.2885-15/s150x150/49857078_593628184419567_8246939828686857317_n.jpg?_nc_ht=scontent-ort2-2.cdninstagram.com
9,https://scontent-ort2-2.cdninstagram.com/vp/1fc54104c4def31f0bdfc24b9be9b192/5E46DDE4/t51.2885-15/sh0.08/e35/s640x640/70975303_2728369110517708_5881388219744004265_n.jpg?_nc_ht=scontent-ort2-2.cdninstagram.com&_nc_cat=104
10,https://scontent-ort2-2.cdninstagram.com/vp/eb6ec5e1b970a412ffbf105959a73e73/5E60251C/t51.2885-15/sh0.08/e35/s640x640/73420187_262510274658373_6502777876929815349_n.jpg?_nc_ht=scontent-ort2-2.cdninstagram.com&_nc_cat=101
11,https://scontent-ort2-2.cdninstagram.com/vp/38abf41f20763fabcba1944abd6ee239/5DBE0BD7/t51.2885-15/e35/c0.186.480.480a/73401894_514704282710776_6377345535348524440_n.jpg?_nc_ht=scontent-ort2-2.cdninstagram.com&_nc_cat=104
12,https://scontent-ort2-2.cdninstagram.com/vp/1fdbae7de29947c6161930bd8a6f44c8/5E45C48F/t51.2885-15/sh0.08/e35/c0.121.1440.1440a/s640x640/72773182_2823215767904833_8352298065110632586_n.jpg?_nc_ht=scontent-ort2-2.cdninstagram.com&_nc_cat=101
13,https://scontent-ort2-2.cdninstagram.com/vp/069da2f495eaab9642e60fd4ce279c28/5DBDE7F2/t51.2885-15/e35/c157.0.405.405a/75004983_175211893530013_5309316620546919577_n.jpg?_nc_ht=scontent-ort2-2.cdninstagram.com&_nc_cat=101
14,https://scontent-ort2-2.cdninstagram.com/vp/68e3971a68d6b6d56d5232057e673fa2/5E553DEE/t51.2885-15/sh0.08/e35/c0.66.1440.1440a/s640x640/74535438_159942341775982_680406079720570047_n.jpg?_nc_ht=scontent-ort2-2.cdninstagram.com&_nc_cat=110
15,https://scontent-ort2-2.cdninstagram.com/vp/daad9d54cc0fc7ddfca88bd869cc02ed/5DBD8A9B/t51.2885-15/sh0.08/e35/c0.90.720.720a/s640x640/74694548_180776539635603_5793027895668767681_n.jpg?_nc_ht=scontent-ort2-2.cdninstagram.com&_nc_cat=103
16,https://scontent-ort2-2.cdninstagram.com/vp/dc195ed2fb505cd5186c829552041f72/5E3E9E81/t51.2885-15/sh0.08/e35/s640x640/75341410_531885887588811_1717083251736696938_n.jpg?_nc_ht=scontent-ort2-2.cdninstagram.com&_nc_cat=103
17,https://scontent-ort2-2.cdninstagram.com/vp/c769e7b312d77ba96aab98caa66dff5a/5E503767/t51.2885-15/sh0.08/e35/s640x640/72408405_119479149182501_4630792151417831475_n.jpg?_nc_ht=scontent-ort2-2.cdninstagram.com&_nc_cat=105
18,https://scontent-ort2-2.cdninstagram.com/vp/7c655b930f7d77cf2d9f8c21c6b81056/5E51B4EA/t51.2885-15/sh0.08/e35/s640x640/71223199_554192341790209_1805217600194998662_n.jpg?_nc_ht=scontent-ort2-2.cdninstagram.com&_nc_cat=101
19,https://scontent-ort2-2.cdninstagram.com/vp/ba48785c37dfe08649b3a7e919288ff3/5DBD9DD7/t51.2885-15/e35/c0.236.607.607a/74607444_146554746571849_6214489042259396827_n.jpg?_nc_ht=scontent-ort2-2.cdninstagram.com&_nc_cat=101
20,https://scontent-ort2-2.cdninstagram.com/vp/6fc77644b62b7c0d01e50c5aeca3ced4/5DBE0F2F/t51.2885-15/e35/74366281_990185907990721_7608459337140925315_n.jpg?_nc_ht=scontent-ort2-2.cdninstagram.com&_nc_cat=101
21,https://scontent-ort2-2.cdninstagram.com/vp/0d9d937148f73dd0aaa25d34e2ca6982/5DBDB562/t51.2885-15/e35/c140.0.360.360a/72753007_142983890306716_2497603111480021837_n.jpg?_nc_ht=scontent-ort2-2.cdninstagram.com&_nc_cat=104
22,https://scontent-ort2-2.cdninstagram.com/vp/78f620e6771b715d9331620227c0215a/5DBDD56C/t51.2885-15/sh0.08/e35/c0.90.720.720a/s640x640/71194924_459436784780441_3127515806077567174_n.jpg?_nc_ht=scontent-ort2-2.cdninstagram.com&_nc_cat=105
23,https://scontent-ort2-2.cdninstagram.com/vp/57ee3babe6cc3d16ba4588f5e5b7293e/5E42C8B5/t51.2885-15/e35/72571817_526068764896307_7861032436519264243_n.jpg?_nc_ht=scontent-ort2-2.cdninstagram.com&_nc_cat=111
24,https://scontent-ort2-2.cdninstagram.com/vp/c7942ca8e5cba2b381562329715a23fd/5DBD8C9B/t51.2885-15/e35/70120630_2569080889796960_8985691637164582716_n.jpg?_nc_ht=scontent-ort2-2.cdninstagram.com&_nc_cat=108
25,https://scontent-ort2-2.cdninstagram.com/vp/cb300c2a2d1765245a3893a5f4e35971/5E510AAD/t51.2885-15/sh0.08/e35/c181.0.1077.1077a/s640x640/70861942_135724407786976_9087417763499264300_n.jpg?_nc_ht=scontent-ort2-2.cdninstagram.com&_nc_cat=104
26,https://scontent-ort2-2.cdninstagram.com/vp/22887066d6014cf555f9a4b5f8631007/5E63846B/t51.2885-15/sh0.08/e35/s640x640/71511923_165011021357486_7118622127549695808_n.jpg?_nc_ht=scontent-ort2-2.cdninstagram.com&_nc_cat=102
27,https://scontent-ort2-2.cdninstagram.com/vp/dc1245e4e2ec266e9719d2c6e05c7f6c/5DBDB68D/t51.2885-15/e35/c0.60.480.480a/69843922_2390037481051127_8607525353831767693_n.jpg?_nc_ht=scontent-ort2-2.cdninstagram.com&_nc_cat=111
28,https://scontent-ort2-2.cdninstagram.com/vp/fe25191ff3626c719d1ff3a5da164807/5DBDBE70/t51.2885-15/sh0.08/e35/c0.90.720.720a/s640x640/70198108_176345950159447_18983117106911863_n.jpg?_nc_ht=scontent-ort2-2.cdninstagram.com&_nc_cat=107
29,https://scontent-ort2-2.cdninstagram.com/vp/df7b46cbce2597a99f600a9039969982/5E553990/t51.2885-15/sh0.08/e35/s640x640/70241103_505819906927884_3371214135150300524_n.jpg?_nc_ht=scontent-ort2-2.cdninstagram.com&_nc_cat=100
30,https://scontent-ort2-2.cdninstagram.com/vp/504a464740c5649e001c44b278dddfa3/5DBDA5D2/t51.2885-15/sh0.08/e35/s640x640/68939487_388558702062157_3777979831931719978_n.jpg?_nc_ht=scontent-ort2-2.cdninstagram.com&_nc_cat=101
31,https://scontent-ort2-2.cdninstagram.com/vp/51541f233b50745a59908b393da29ecf/5E51FAB7/t51.2885-15/e35/69894146_712101009292073_5480026592535662766_n.jpg?_nc_ht=scontent-ort2-2.cdninstagram.com&_nc_cat=105
32,https://scontent-ort2-2.cdninstagram.com/vp/196febf02af095b85f4ea52b18f131d7/5DBD742F/t51.2885-15/sh0.08/e35/s640x640/70126843_760687337694865_2810584446109706860_n.jpg?_nc_ht=scontent-ort2-2.cdninstagram.com&_nc_cat=101
